file_asli,file_hasil,status,keterangan,dimensi_asli,ukuran_asli,ukuran_hasil
crispy_crush.png,crispy_crush.png,processed,diresize ke 100x100,500x500,360.4 KB,18.3 KB
love_bites.png,love_bites.png,processed,diresize ke 100x100,500x500,337.3 KB,17.4 KB
midnight_kiss.png,midnight_kiss.png,processed,diresize ke 100x100,500x500,299.6 KB,15.5 KB
spicy_cute.png,spicy_cute.png,processed,diresize ke 100x100,500x500,348.5 KB,17.8 KB
sugar_crush.png,sugar_crush.png,processed,diresize ke 100x100,500x500,330.0 KB,17.1 KB
sweet_dream.png,sweet_dream.png,processed,diresize ke 100x100,500x500,337.4 KB,17.3 KB
sweet_posion.png,sweet_posion.png,processed,diresize ke 100x100,500x500,313.9 KB,15.5 KB
velvet_tipsy.png,velvet_tipsy.png,processed,diresize ke 100x100,500x500,310.1 KB,15.4 KB
yummy_bites.png,yummy_bites.png,processed,diresize ke 100x100,500x500,342.6 KB,17.1 KB
